ajskd,9392,uiasdiasd,ads,sadasd,adsdasd,dasads,dsadsasad,sda
hhhh,3892ujd,adsdasd,dasads,dsadsasad,sda,1123,12331,5445
hhhh,3892ujd,adsdasd,dasads,dsadsasad,sda,1123,12331,5445
hhhh,3892ujd,adsdasd,dasads,dsadsasad,sda,1123,12331,5445
hhhh,3892ujd,adsdasd,dasads,dsadsasad,sda,1123,12331,5445
hhhh,3892ujd,adsdasd,dasads,dsadsasad,sda,1123,12331,5445
hhhh,3892ujd,adsdasd,dasads,dsadsasad,sda,1123,12331,5445
hhhh,3892ujd,adsdasd,dasads,dsadsasad,sda,1123,12331,5445
hhhh,3892ujd,adsdasd,dasads,dsadsasad,sda,1123,12331,5445
hhhh,3892ujd,adsdasd,dasads,dsadsasad,sda,1123,12331,5445
hhhh,3892ujd,adsdasd,dasads,dsadsasad,sda,1123,12331,5445
hhhh,3892ujd,adsdasd,dasads,dsadsasad,sda,1123,12331,5445
hhhh,3892ujd,adsdasd,dasads,dsadsasad,sda,1123,12331,5445
hhhh,3892ujd,adsdasd,dasads,dsadsasad,sda,1123,12331,5445
hhhh,3892ujd,adsdasd,dasads,dsadsasad,sda,1123,12331,5445
hhhh,3892ujd,adsdasd,dasads,dsadsasad,sda,1123,12331,5445
hhhh,3892ujd,adsdasd,dasads,dsadsasad,sda,1123,12331,5445
hhhh,3892ujd,adsdasd,dasads,dsadsasad,sda,1123,12331,5445
hhhh,3892ujd,adsdasd,dasads,dsadsasad,sda,1123,12331,5445
hhhh,3892ujd,adsdasd,dasads,dsadsasad,sda,1123,12331,5445
hhhh,3892ujd,adsdasd,dasads,dsadsasad,sda,1123,12331,5445
hhhh,3892ujd,adsdasd,dasads,dsadsasad,sda,1123,12331,5445
hhhh,3892ujd,adsdasd,dasads,dsadsasad,sda,1123,12331,5445
hhhh,3892ujd,adsdasd,dasads,dsadsasad,sda,1123,12331,5445
hhhh,3892ujd,adsdasd,dasads,dsadsasad,sda,1123,12331,5445
hhhh,3892ujd,adsdasd,dasads,dsadsasad,sda,1123,12331,5445
hhhh,3892ujd,adsdasd,dasads,dsadsasad,sda,1123,12331,5445
hhhh,3892ujd,adsdasd,dasads,dsadsasad,sda,1123,12331,5445
hhhh,3892ujd,adsdasd,dasads,dsadsasad,sda,1123,12331,5445